Try the new events page,,,,,
,Submit an event! ,Cerebral Valley,,,
,,Join our Slack Community,,,
,ðŸ“§ Subscribe to the Events Newsletter,New York,London,Seattle,
,ðŸ“§ DM Cerebral Valley on Twitter,Click to see 2025 Events!,,,
Month,Event,Start Date,End Date,Location,Link
October,GPU Mode Hackathon,24 October,24 October,"San Francisco, CA",https://events.accel.com/gpumodehackathon
,PyTorch Dendritic Optimization Hackathon,23 October,23 October,"San Francisco, CA",https://luma.com/29ao8utd
,TEDAI San Francisco Hackathon,18 October,19 October,"San Francisco, CA",https://tedai-sanfrancisco.ted.com/hackathon/
,WeaveHacks 2: Self-Improving Agents Hackathon with Weights & Biases and Google Cloud,11 October,12 October,"San Francisco, CA",https://luma.com/weavehacks2
,Agentic Memory & Context Engineering Hackathon,11 October,11 October,"San Francisco, CA",https://partiful.com/e/SJZa5f8VCrcyTLMCvRsv
,Supabase Select Hackathon,4 October,4 October,"San Francisco, CA",https://luma.com/1ygcx99w
September,Reborn Roboverse Global Hackathon,29 September,6 October,Remote,https://hackathon.reborn-ai.xyz/?utm_source=cv-events
,Hack the Next Voice Agent,27 September,27 September,"Palo Alto, CA",https://luma.com/xcx9dvik
,"Fullstack Agents Hackathon (Feat LlamaIndex, CopilotKit & Composio) ",27 September,27 September,"Mountain View, CA",https://luma.com/k3gytona
,Silicon Valley AI Hub Hackathon,26 September,26 September,"Menlo Park, CA",https://cerebralvalley.ai/e/svai-hub-hackathon?tab=guest-list
,Coding with AI Hackathon,26 September,26 September,"San Francisco, CA",https://luma.com/ai-coding-hack
,Decentralized AI Hackathon at Stanford powered by Flower,26 September,26 September,"Stanford, CA",https://luma.com/svkgfw2w
,$5000 De-Vibed Hackathon,19 September,20 September,"San Francisco, CA",https://luma.com/dj3k3tri
,AI Agents Hackathon,19 September,19 September,"San Francisco, CA",https://lu.ma/8c6n3rn2
,Voice Agent Hackathon,19 September,19 September,"San Francisco, CA",https://lu.ma/suhy8sgz
,The Modern Stack Hackathon,16 September,29 September,Remote,https://www.convex.dev/hackathons/modernstack
,Hackathon: Build Your AI Teammate,13 September,14 September,"San Francisco, CA",https://luma.com/9t4bxc8x
,Multi-Agent Hackathon,13 September,13 September,"San Francisco, CA",https://luma.com/i7shx4y6
,AI Vibe Coding Hackathon,13 September,13 September,"San Francisco, CA",https://lu.ma/f13dwefh
,xAI + Vercel Hackathon,11 September,11 September,"San Francisco, CA",https://partiful.com/e/sa3etfyhGd50TSuWUktU
,Vibe Labs Workshop & Hackathon,8 September,8 September,"San Francisco, CA",https://lu.ma/vibes-shipathon
,Nano Banana Hackathon,6 September,6 September,"San Francisco, CA",https://cerebralvalley.ai/e/nano-banana?utm_source=cv-events-featured&utm_medium=cerebralvalley&tab=guest-list
August,CrewAI Hackathon,23 August,23 August,"San Francisco, CA",https://lu.ma/cif1kc8v
,Applied AI Hackathon,23 August,23 August,"San Francisco, CA",https://lu.ma/5j1xt7tg
,YC Agents Hackathon,22 August,23 August,"San Francisco, CA",https://lu.ma/pz27h0xy
,The KumoRFM Hackathon Challenge,20 August,20 August,"San Francisco, CA",https://lu.ma/w0xg3dct
,AI Collective Presents: GenJam Video Hackathon,16 August,16 August,"San Francisco, CA",https://lu.ma/aic-gl-8-16
,AI Hackathon: Corp-Agent vibe coding,16 August,16 August,"San Francisco, CA",https://lu.ma/8clf1otc
,Cortex AI Agent Hybrid Hackathon,15 August,16 August,"San Mateo, CA",https://lu.ma/ozlvxsmj
,MCP Hackathon: Launch Party,12 August,8 September,"San Francisco, CA",https://globalmcphackathon.com/
,"MiniMax $150,000 AI Agent Challenge",11 August,1 September,Remote,https://minimax-agent-hackathon.space.minimax.io/
,Voice AI Hackathon | Soma x EF,9 August,9 August,"San Francisco, CA",https://lu.ma/ubrw29w5
,AI Coding Agents Hackathon,9 August,9 August,"San Francisco, CA",https://lu.ma/hzwlapu0
,AI for Bio Hackathon,2 August,2 August,"San Francisco, CA",https://lu.ma/sru1gmwb
,Agents in the Loop Hackathon,2 August,2 August,"San Francisco, CA",https://lu.ma/64ndzaby
,SF10x Hackathon,1 August,3 August,"San Francisco, CA",https://lu.ma/pvc2ivh5
July,NVIDIA x Schematic: Industrial AI Hackathon,31 July,31 July,"San Francisco, CA",https://lu.ma/p92r4rjm
,Magic Hour Hackathon: Remix the Future of Sports,28 July,28 July,"Oakland, CA",https://lu.ma/xabv825r
,AI + Hardware 24hr Hack,26 July,27 July,"San Francisco, CA",https://lu.ma/0ri6o2h0
,ForgeHacks 2025 Consumer AI Hackathon,26 July,26 July,"San Francisco, CA",https://lu.ma/7qw2nqyf
,Orgo AI Agents Hackathon,26 July,26 July,"San Francisco, CA",https://lu.ma/orgo
,Enterprise + Ambient Agents Hackathon,26 July,26 July,"San Francisco, CA",https://lu.ma/aoc5opn4
,AWS AI Hackathon: Enteprise Agents,25 July,25 July,"San Francisco, CA",https://lu.ma/awshack
,Orgo AI Agents Hackathon,21 July,31 July,Remote,https://cerebralvalley.ai/e/orgo-ai-agents-hackathon-cb75e90c
,"MCP and Agents Hackathon w/ Featureform, Ridge Ventures, and Smithery.ai",19 July,20 July,"San Francisco, CA",https://lu.ma/2rch4ihg
,Ruby AI Hackathon,19 July,19 July,"San Francisco, CA",https://lu.ma/znhcct7v
,Convex & Resend Hackathon,16 July,4 August,Remote,https://lu.ma/convexresendhackathon
,"Hello, Self-Writing Internet",15 July,15 July,"San Francisco, CA",https://lu.ma/hello-swi
,Mentra Live Hackathon,12 July,13 July,"San Francisco, CA",https://lu.ma/jpjpjyta
,"WeaveHacks: Agent Protocols Hackathon (MCP, A2A) with Weights & Biases & Google Cloud",12 July,13 July,"San Francisco, CA",https://lu.ma/weavehacks
,Magical AI Hackathon with Replicate x BuildShip x ElevenLabs x Cloudflare ,12 July,12 July,"San Francisco, CA",https://lu.ma/ai-magic-hack
,Coinbase Agents in Action Hackathon Winners Demo Day,10 July,10 July,"San Francisco, CA",https://lu.ma/guo4pnfa
June,Google - The Gemma 3n Impact Challenge,28 June,6 August,Remote,https://www.kaggle.com/competitions/google-gemma-3n-hackathon/
,Humane Tech Hackathon: Vibe Code for Humanity,28 June,28 June,"San Francisco, CA",https://lu.ma/xuu50974?utm_source=cerebralvalley&utm_medium=event&utm_campaign=hackathon&utm_content=jun28
,"SPACE x SEA Hackathon (IoT, Space, Maritime, Defense, Climate) by H*QUOTIENT, Entrepreneurs First, and CRV",27 June,27 June,"San Francisco, CA",https://lu.ma/hcnn1ugx
,FLUX.1 Kontext AI Hackathon with Black Forest Labs and Replicate,21 June,21 June,"San Francisco, CA",https://lu.ma/air6b63y
,MCP Agents Hackathon: Building the Future of AI at Founders Garage,21 June,21 June,"San Francisco, CA",https://lu.ma/xas35gaa
,YC AI Startup School | AI Mixer & Hackathon,21 June,21 June,"San Mateo, CA",https://lu.ma/evihf3gu
,Le Robot Hackathon,14 June,15 June,"Mountain View, CA",https://lu.ma/eanwy2bp
,Longevity x AI Hackathon,14 June,15 June,"San Francisco, CA",https://lu.ma/a2ag12ya
,Weekend Agent Hack,14 June,15 June,"Mountain View, CA",https://lu.ma/fjs446ye
,AMD x Axolotl x GPU Mode - Synthetic Data Hackathon,8 June,8 June,"San Francisco, CA",https://cerebralvalley.ai/e/synthetic-data-hack-3974116f
,WaldHacks 2025,4 June,18 June,Remote,https://preswald.com/hackathon
May,AI Engineer World's Fair Hackathon,31 May,1 June,"San Francisco, CA",https://cerebralvalley.ai/e/aiewf-hackathon-2025?utm_source=cv-events-featured&utm_medium=cerebralvalley&utm_campaign=event-marketing
,n8n AI Workflow Hackathon,31 May,1 June,"San Francisco, CA",https://lu.ma/n8n-aiworkflow-hack?utm_source=cerebralvalleyai
,Multi-Agent Hackathon: Build Multi-Modal Workflows with Tenstorrent,31 May,31 May,"San Francisco, CA",https://lu.ma/pkhmut6r
,AWS MCP Agents Hackathon,30 May,30 May,"San Francisco, CA",https://lu.ma/mcphack
,VIBE25-2: After Hours Vibe Hackathon,30 May,30 May,"San Francisco, CA",https://lu.ma/rcwhkub3
,"Low-Code/No-Code AI Hackathon for Building Bold, Fast, and Smart",21 May,24 May,"San Francisco, CA",https://lu.ma/8nqtqlob
,Out-Of-Pocket's Healthcare AI Hackathon 2025 - Demo Day & Happy Hour,18 May,18 May,"San Francisco, CA",https://lu.ma/yrmhnnia
,Nous Research â€“ RL Environments Hackathon,18 May,18 May,"San Francisco, CA",https://cerebralvalley.ai/e/nous-research-rl-environments-hackathon-9be3062a
,Post-AGI Hackathon,17 May,17 May,"San Francisco, CA",https://lu.ma/chtq6zqv
,World's Biggest MCP Hackathon,17 May,17 May,"San Francisco, CA",https://lu.ma/t4zeld9m
,r/AI_Agents Official 100k Online Hackathon,14 May,21 May,Remote,https://lu.ma/ai-agents-hackathon
,Modular GPU Kernel Hackathon,10 May,10 May,"San Francisco, CA",https://app.agihouse.org/events/modular-hackathon-20250510
,"Dumb Things AI Hackathon With Replicate, OpenAI, and Cloudflare",4 May,4 May,"San Francisco, CA",https://lu.ma/qumm6n8v
,LlamaCon Hackathon hosted by Meta,3 May,4 May,"San Francisco, CA",https://cerebralvalley.ai/e/llamacon-hackathon-2025
,MCP Agents Hackathon - AWS Edition,2 May,2 May,"San Francisco, CA",https://lu.ma/vibecode
April,National Security Hackathon,26 April,27 April,"San Francisco, CA",https://cerebralvalley.ai/e/national-security-hackathon-5a6fa1dc
,Future of Web Hackathon,26 April,26 April,"San Francisco, CA",https://lu.ma/ft218za3
,Sentient Chat Hackathon ,26 April,26 April,"San Francisco, CA",https://docs.google.com/forms/d/e/1FAIpQLScTZTxO5SkIiodLhTfFZFvIU9D_-xcG5isa9fB0Xf_-4spKSw/viewform
,Convex Top Chef (Vibe Coding) Hackathon,22 April,22 April,"San Francisco, CA",https://lu.ma/re9i2vyh
,UAP Hackathon,18 April,20 April,"Alameda, CA",https://www.sf-uap.com/
,Masumi X Silverside AI present: Hack the future-AI unchained,18 April,19 April,"San Francisco, CA",https://www.agorize.com/en/challenges/hack-the-future-ai-unchained
,Hack the Future - AI Unchained,18 April,19 April,"San Francisco, CA",https://lu.ma/x5gjxb3y
,Minerva Hacks - AI in Education | Hackathon & Essay Contest,18 April,19 April,"San Francisco, CA",https://lu.ma/89qo25np
,DeSci & Longevity Hackathon,18 April,19 April,"Berkley, CA",https://lu.ma/vyurq31f
,"Signal Fire Presents: One Day Vibe Coding Hackathon â€” Build with AI, Code by Vibes",18 April,18 April,"San Francisco, CA",https://lu.ma/zqteha05
,SPC x Anthropic Hackathon Demo Night,13 April,13 April,"San Francisco, CA",https://lu.ma/spc-anthropic-demos
,AI GAME DEV HACKATHON,12 April,13 April,"San Francisco, CA",https://lu.ma/4tegf5zb
,OIX Lab Series 101: AI Video Understanding Mini-Hackathon,11 April,11 April,"San Francisco, CA",https://lu.ma/khy6kohi
,Next.js Global Hackathon,7 April,17 April,Remote,https://next-hackathon-2025.vercel.app/
,AI Voice Agents hackathon | Vapi | Elevenlabs | Smallest AI,6 April,6 April,"San Francisco, CA",https://lu.ma/59svuie8
,LLM x Law Hackathon #5,6 April,6 April,"Stanford, CA",https://partiful.com/e/olwKTWABsg7TAlBO6oGB
,Digital Twins + Agent Coordination Hackathon,5 April,5 April,"San Francisco, CA",https://lu.ma/szdqy6za
,jazz.tools vibe coding microâ€‘hackathon,1 April,1 April,"San Francisco, CA",https://lu.ma/1fru6ldd
March,Digital Twins + Agent Coordination Hackathon,23 March,23 March,"San Francisco, CA",https://lu.ma/szdqy6za
,Realtime AI Agents - 1 day Hackathon,22 March,22 March,"San Francisco, CA",https://lu.ma/meofrw3d
,Kaedim 24-Hour 3D x AI x Games Hackathon,22 March,23 March,"San Francisco, CA",https://kaedim-hackathon.framer.ai/
,Engineers Only: GPU Hackathon â€“ Fine-Tune DeepSeek + Master Chess ,21 March,22 March,"San Francisco, CA",https://lu.ma/7nbbmk0w
,GDC Edition â€” Silicon Valley TyCoon: 8-Hour Game Hackathon,21 March,21 March,"San Francisco, CA",https://lu.ma/8edjg73e
,Worldâ€™s Shortest Hackathon at GTC,20 March,20 March,"San Jose, CA",https://developer.nvidia.com/GTC-Hackathon
,AI For Good Hackathon,15 March,16 March,"San Francisco, CA",https://lu.ma/ai-for-good-hackathon
,"Useful Agents Hackathon w/ NEAR AI, SF Compute & Electric Capital",14 March,15 March,"San Francisco, CA",https://lu.ma/7jqs1l34
,Hack #1: Personal AI Assistants,8 March,8 March,"San Francisco, CA",https://lu.ma/2p0b90pq
,Omi Mentor Hackathon,2 March,2 March,Remote,https://contest.omi.me/mentor
February,Hacking Agents Hackathon,28 February,1 March,"San Francisco, CA",https://lu.ma/hacking-agents-hackathon?utm_source=cerebral-valley
,AI Supply Chain Hackathon 2025: Extreme Weather,27 February,28 February,"Sunnyvale, CA",https://www.eventbrite.com/e/ai-supply-chain-hackathon-2025-extreme-weather-tickets-1201677833749
,Engineers Only: GPU Hackathon â€“ Fine-Tune DeepSeek + Master Chess,21 February,22 February,"San Francisco, CA",https://lu.ma/b7487mmz
,Aiify.io {AI Agents} Love Hack,15 February,16 February,"San Francisco, CA",https://lu.ma/lovehack
,Build Agents That Move Real Money,15 February,15 February,"San Francisco, CA",https://partiful.com/e/IZKtBNR0RESyzooFZcFp
,Multimodal AI Agents - Hackathon,15 February,15 February,"San Francisco, CA",https://lu.ma/fyu8iqnk
,AI x Geoengineering Hacking Earthâ€™s Future,8 February,9 February,"San Francisco, CA",https://lu.ma/1ixp727l
,Coinbase Onchain AI Hackathon,1 February,2 February,"San Francisco, CA",https://lu.ma/kbe9krnl
January,Open Source AI Hackathon: Meet Dobby,25 January,25 January,"San Francisco, CA",https://lu.ma/wd7adqa4
,Can VC's even code - Hackathon,25 January,25 January,"San Francisco, CA",https://lu.ma/x7cj8egl
,Women in AI RAG Hackathon,25 January,25 January,"Stanford, CA",https://lu.ma/women-in-tech
,Google MultiModal Hackathon,18 January,18 January,"San Francisco, CA",https://app.agihouse.org/events/google-multimodal-hackathon-20250118
,mcp.run Hackathon,16 January,16 January,"San Francisco, CA",https://lu.ma/ery1237h
,HealthTech Hackathon (Day 1 of 2),11 January,12 January,"San Francisco, CA",https://lu.ma/HThack?utm_source=cerebralvalley
,"Hackathon! AI, CFD and Wind Tunnel Data - Presented by Lola Cars",5 January,5 January,"San Francisco, CA",https://lu.ma/lgoxpv9g
,Demoscene DreamHack ,4 January,4 January,"San Francisco, CA",https://partiful.com/e/xB9E5znRwhV9jBeCytw7
2025,,,,,
December,Chess Hackathon: Train AI Chess Bots on GPUs,13 December,14 December,"San Francisco, CA",https://lu.ma/wto5udsd?utm_source=cerebralvalley
,Advent of Multimodal AI Hackathon | hosted by Intel Liftoff and Startups,11 December,13 December,Remote,https://adventaihacks.com/
,HeyGen x GenAI Collective AI Video Gen Hackathon,11 December,11 December,"San Francisco, CA",https://lu.ma/heygen-ai
,Agents in Prod Hackathon - ft Softbank,7 December,7 December,"San Francisco, CA",https://partiful.com/e/eYn73KI885tbSWRytCJH
,Voice & Video AI Agents Hackathon,7 December,7 December,"San Francisco, CA",https://lu.ma/i8bow7sr
,Video Agents Hackathon @ Daily.co ft. Simli,6 December,6 December,"San Francisco, CA",https://lu.ma/stdiw7yd
November,"Magic Mirrors: Video Agent Hackathon ft. Daily, Cartesia and Simli",30 November,30 November,"San Francisco, CA",https://lu.ma/osccczak
,USS Hornet Defense Tech Hackathon,23 November,24 November,"Alameda, CA",https://lu.ma/uss-hornet-hackathon
,"Meme-orama: Video Agent Hackathon ft. Daily, Cartesia and Simli",23 November,23 November,"San Francisco, CA",https://lu.ma/c3pualy8
,Supabase AI Hackathon at YC,22 November,23 November,"San Francisco, CA",https://supabase.com/events/supabase-ai-hackathon-at-y-combinator
,Mega Chess SF Hackathon: Train AI Chess Bots on GPUs,15 November,16 November,"San Francisco, CA",https://lu.ma/cnvoxqwk
,Chipp Hackathon - AI Action,12 November,12 November,"San Francisco, CA",https://lu.ma/elei5tei
,Llama Impact Hackathon,8 November,10 November,"San Francisco, CA",https://lu.ma/1mkqg22a
,Vertical Agents Hackathon,2 November,3 November,"San Francisco, CA",https://sf.aitinkerers.org/p/ai-tinkerers-humans-in-the-loop-agents-hackathon-with-google-cloud-weights-biases
,Omi Apps Hackathon,1 November,30 November,Remote,https://omi.devpost.com/
October,AI/Journalism Hackathon at UC Berkeley: Harnessing AI to Enhance Trust and Deepen Engagement in Local Communities,25 October,27 October,"Berkeley, CA",https://lu.ma/ba5raxwa
,Web Dev Challenge Hackathon: Learn with Jason,23 October,23 October,"San Francisco, CA",https://www.sanity.io/events/hackathon-nextjsconf
,LLM Agents MOOC Hackathon,21 October,17 December,"Berkeley, CA",https://rdi.berkeley.edu/llm-agents-hackathon/
,Gen AI Agents Hackathon,20 October,20 October,"San Francisco, CA",https://lu.ma/ke0rwi8n
,Open Source Conversational & Multi-modal AI Hackathon,19 October,20 October,"San Francisco, CA",https://lu.ma/6www8b0t
,Cerebral Valley Codegen Hackathon: Factory AI x Meta,19 October,20 October,"San Francisco, CA",https://partiful.com/e/q6H7PRs4PSWVnqvEEQjD?
,TEDAI For Good Hackathon 2024,19 October,20 October,"San Francisco, CA",https://tedai-sanfrancisco.ted.com/hackathon/
,zkBuildathon: Zero Knowledge Required,13 October,13 October,"San Francisco, CA",https://lu.ma/zkbuildathon
,Build with OpenAI at the Pear Hackathon,12 October,12 October,"San Francisco, CA",https://pear.vc/events/build-with-pear-vc-and-openai-hackathon-at-our-fall-hackathon/
,xAI Hackathon,12 October,12 October,"San Francisco, CA",https://docs.google.com/forms/d/e/1FAIpQLSfe-0KYwA7sAB85haAMuqEIkovZNTtlGVqwue6Y557jM8l5Yg/viewform
,AGENTIC RAG-A-THON by LlamaIndex & Pinecone,11 October,13 October,"Palo Alto, CA",https://rag-a-thon-2.devpost.com/
,Climate x AI Hackathon,10 October,10 October,"San Francisco, CA",https://lu.ma/s1hoiomk
,"Horizon SF | Founders, Inc. x Tech Week",9 October,11 October,"San Francisco, CA",https://lu.ma/horizon-sf
,AI2Web3 Bootcamp,7 October,11 October,"San Francisco, CA",https://lu.ma/72pf06p0
,Bits and Bills - AI Agents in the Financial Services Hackathon,5 October,6 October,"San Francisco, CA",https://lu.ma/126821za
,Hack on ARC Prize: Strong Compute + GPUs included,27 September,29 September,"San Francisco, CA",https://lu.ma/dvvfewxe?utm_source=cerebral
,Judgment day hackathon - building LLM judges,21 September,22 September,"San Francisco, CA",https://wandb.ai/site/resources/events/judgment-day-hackathon
,Agentic AI World Hackathon; w/ Fetch.ai,21 September,22 September,"San Francisco, CA",https://lu.ma/agenthack
,CUDA MODE,21 September,21 September,"San Francisco, CA",https://events.accel.com/cudamode
,Squire.ai Hackathon I - Null to Agent,14 September,15 September,"San Francisco, CA",https://lu.ma/grccr844
,AI My Life - Hackathon,14 September,15 September,"San Francisco, CA",https://lu.ma/gfbkd0x3
,Agents & Future of UX Hackathon,14 September,14 September,"San Francisco, CA",https://partiful.com/e/KiYuRV9IglDtL2OHr9V0
,AI Agent Hack with LabLab and MindsDB,13 September,15 September,"San Francisco, CA",https://lu.ma/t1gcb9kb
,LLM x Law Hackathon @Stanford #4,8 September,8 September,"Stanford, CA",https://partiful.com/e/YmRKP8TSn3FBhgrsYHBH
,GenAI Goes Local Hackathon,7 September,7 September,"San Francisco, CA",https://app.agihouse.org/events/gen-ai-goes-local-20240907
,AI Devtools Hackathon,7 September,8 Sepetember,"San Francisco, CA",https://lu.ma/devtools-hackathon
,Generative AI Hackathon,7 September,7 September,"San Francisco, CA",https://www.aicamp.ai/event/eventdetails/W2024090709
,Gen AI Hackathon: Compound AI Systems,6 September,6 September,"San Francisco, CA",https://lu.ma/i1x6rwe3
August,Mega Chess SF Hackathon: Train AI Chess Bots on GPUs,30 August,31 August,"San Francisco, CA",https://lu.ma/56gwityi?source=cerebralvalley
,Develop the Future â€“ Meta & AWS Hackathon for XR & GenAI,27 August,29 August,"Palo Alto, CA",https://pages.awscloud.com/GLOBAL-event-T3-meta-and-aws-presence-platform-hackathon-2024-reg-event.html
,Open-Source Agent Hackathon by Andrew Ng & DeepLearning.AI,24 August,24 August,"San Francisco, CA",https://app.agihouse.org/events/open-source-agent-hackathon-20240824
,Democratize Intelligence: SWE-Bench Hackathon,17 August,23 August,"San Francisco, CA",https://lu.ma/eye2ec18
,NEXA AI: Super AI Agent Hackathon,10 August,10 August,Remote,https://www.nexa4ai.com/hackathon
,Segment Anything 2 Hackathon,3 August,3 August,"San Francisco, CA",https://partiful.com/e/gXVKFvgtCGuBW1ybzSSM
,Frame Launch Hackathon,3 August,3 August,"San Francisco, CA",https://lu.ma/q4slo4g7
July,AI Wearables Hackathon,27 July,28 July,"San Francisco, CA",https://partiful.com/e/AzVSvX4VB2cwWs52I0FW
,GPT-4o Voice Hackathon hosted by Catalyst Society & Design Buddies,27 July,28 July,"San Francisco, CA",https://lu.ma/gpt4o
,SupaHero AI Hackathon,26 July,28 July,"San Francisco, CA",https://lu.ma/3sjrxbfn
,Multi-Agent Hackathon,13 July,13 July,"San Francisco, CA",https://agihouse-app.web.app/events/multi-agent-hackathon
,Society of Agents Hackathon,13 July,13 July,"Menlo Park, CA",https://lu.ma/0m9qby4j
,Hardcore CUDA Hackathon,13 July,13 July,"San Francisco, CA",https://partiful.com/e/fxMwOW9dtCCWoEPyyTIf
,Hacker House Hackathon - Berkeley,12 July,14 July,"Berkeley, CA",https://partiful.com/e/qqx0mqPHDA224OTOM1uU
June,"GPU Chess Hackathon: Grandmasters arenâ€™t born, theyâ€™re trained",29 June,30 June,"San Francisco, CA",https://lu.ma/blw9mmad
,Generative AI Hackathon - AI Agent and RAG,29 June,29 June,"San Francisco, CA",https://www.aicamp.ai/event/eventdetails/W2024062909
,Hacking for Clean Energy,28 June,29 June,"San Francisco, CA",https://lu.ma/eoi69aaw
,Voice AI Agents Hackathon,28 June,28 June,"San Francisco, CA",https://lu.ma/crui7cfu
,"GenLab x AI Engineer World's Fair Hackathon: Amplifying Humans - Engineering & Agency; $10,000 Cash Prizes",24 June,24 June,"San Francisco, CA",https://lu.ma/genlabxaiengineer?utm_source=se-cerebralvalley
,UC Berkeley AI Hackathon,22 June,23 June,"Berkley, CA",https://ai.hackberkeley.org/
,AI21 Jamba Hackathon,22 June,22 June,"San Francisco, CA",https://agihouse-app.web.app/events/ai21-jamba-hackathon
,"MongoDB GenAI Hackathon with AWS, sponsored by Unstructured.io",14 June,14 June,"Mountain View, CA",https://lu.ma/MongoDB-GenAI-Mountain-View
,dAGI House hackathon,11 June,2 July,Remote,https://lu.ma/dagihouse
,Build Together: AI Hackathon,7 June,9 June,"San Francisco, CA",https://lu.ma/qp0t420z
,HACKAITHON: Building AI Agents,4 June,5 June,"San Francisco, CA",https://www.hackaithon.ai/
,Gen AI Hackathon for Building RAG Applications and Fine-tuning,1 June,2 June,"San Francisco, CA",https://www.aicamp.ai/event/eventdetails/W2024060109
May,Developer Week AI/ML Hackathon,22 May,22 May,"San Francisco, CA",https://www.eventbrite.com/e/developerweek-aiml-2024-hackathon-sponsored-by-aws-registration-851153983477
,Useful AI Agents Hackathon,18 May,18 May,"San Francisco, CA",https://lu.ma/usefulagents
,Meta Llama 3 Hackathon,11 May,12 May,"San Francisco, CA",https://partiful.com/e/p5bNF0WkDd1n7JYs3m0A
,"Build with AI 2024 (Vancouver, London, & Virtual Hackathon)",10 May,12 May,Remote,https://lu.ma/build24
,National Security Hackathon,4 May,5 May,"San Francisco, CA",https://partiful.com/e/KFHCM5eIdT2U8TiTNDPm
,Agent Hackathon @ AGI House,4 May,4 May,"San Francisco, CA",https://partiful.com/e/KaiZUpQEKTK8nGqkucv8
,AI for Thought Hackathon,4 May,4 May,"San Francisco, CA",https://partiful.com/e/gZxq1PJ9mTFWpcr67mgl
April,Build with AI - Generative AI Hackathon,27 April,27 April,"San Francisco, CA",https://www.aicamp.ai/event/eventdetails/W2024042709
,Bio x AI Hackathon @ AGI House,27 April,27 April,"San Francisco, CA",https://partiful.com/e/ZOAp8xKdtNmgdZtyrtpR
,Agent Hackathon: Building Cognition-as-a-Service,20 April,21 April,"San Francisco, CA",https://partiful.com/e/7RhCvOOFbquT6Ps8iky5
,Gemini Pro 1.5 API Hackathon @ AGI House,20 April,20 April,"San Francisco, CA",https://partiful.com/e/heK3M2NVmDJ9XX7YjIHd
,MongoDB GenAI Hackathon,20 April,20 April,"San Francisco, CA",https://lu.ma/MongoDB-GenAI-SF
,Wiki x AI Hackathon,15 April,15 April,"San Francisco, CA",https://lu.ma/k84uw71w
,AI Wonderland Hackathon @ AGI House,13 April,13 April,"San Francisco, CA",https://partiful.com/e/0mqC1PzvesDvBw1gFyrj
,Realtime Voice AI and Multimodal Hackathon,13 April,13 April,"San Francisco, CA",https://partiful.com/e/VJPFposDqQg2eCqHuL38
,AI Hackathon: Build the World You Want to See,7 April,7 April,"San Francisco, CA",https://lu.ma/aihack
,LLM x Law Hackathon @Stanford #3,7 April,7 April,"Stanford, CA",https://partiful.com/e/NsYXeDR8YUiR7pJS2FEY
,Gen AI x Aerospace Hackathon @ AGI House ft. Sora,6 April,6 April,"San Francisco, CA",https://partiful.com/e/EIsC72XHPqyxg2Ql1M53
,Poe Hackathon,6 April,6 April,"San Francisco, CA",https://partiful.com/e/5e04bH25WI0Vkx7XwZMj
,BCI Hackathon with Neurosity,6 April,6 April,"San Francisco, CA",https://partiful.com/e/097ae86HLX3WerjbDpSn
,"Memory Hackathon with New Computer, Anthropic, MongoDB and LangChain",6 April,6 April,"San Francisco, CA",https://lu.ma/taa6ijxt
March,Mistral AI SF Hackathon,23 March,24 March,"San Francisco, CA",https://partiful.com/e/Zk9c9HVsmtsGDVLCqSw3?
,GenLab Hack III - AI Agents & Fintech,16 March,17 March,"San Francisco, CA",https://lu.ma/genlab3
,Coatue Gen AI x Enterprise Hackathon @ AGI House,16 March,16 March,"San Francisco, CA",https://partiful.com/e/kEQfMgxPaDKJXgFNT6n5
,DreamXR ,14 March,16 March,"San Francisco, CA",https://dreamxr.co/
,AI Accelerated Learning Hackathon,9 March,10 March,"San Francisco, CA",https://partiful.com/e/RRVQ83WjLuFuz9aMx1mN?
,Openhome AI Voice Experiences Hackathon,2 March,2 March,"San Francisco, CA",https://partiful.com/e/aMZ0zLUyS4CI1Uz7Cv78
,AI Startup Hackathon,2 March,2 March,"San Francisco, CA",https://lu.ma/va2hgeeb
February,Bluesky AI Hackathon,25 February,25 February,"San Francisco, CA",https://partiful.com/e/AiscT5PsNTIrxNq58M5q
,AI in Motion: Lab Automation 24hr Hardware Hack,24 February,25 February,"San Francisco, CA",https://lu.ma/lab-auto-hack-0224
,OSS Hackathon: Functional Calling + RAG Hackathon,24 February,24 February,"San Francisco, CA",https://partiful.com/e/e3arTNNboImbIKdgQjHs
,Hardcore Hackathon,24 February,24 February,"San Francisco, CA",https://partiful.com/e/fwlokaFbQIAo1O75prau
,El Segundo Defense Tech Hackathon,17 February,18 February,"El Segundo, CA",https://lu.ma/defense2
,SF Public Data Hackathon,17 February,17 February,"San Francisco, CA",https://lu.ma/7mttq76t
,GPT Hackathon,10 February,10 February,"San Francisco, CA",https://lu.ma/f5bo1xqu
,LlamaIndex RAG Hackathon,2 February,4 February,"Santa Clara, CA",https://rag-a-thon.devpost.com/
January,GPT Store Hackathon By AgentOps.ai and Staf.ai,27 January,28 January,Remote,https://partiful.com/e/2b2K8hr5GK57cSFPnUUE
,LLM & Vector Search Hackathon @ AGI House,27 January,27 January,"San Francisco, CA",https://partiful.com/e/FiSdgG2vIKCCp2PW0g36
,FinTech AI Hackathon,26 January,28 January,"San Francisco, CA",https://partiful.com/e/9rMhnEquFKYalkSD8lWN
,Generative UI Hackathon @ AGI House + Coframe,20 January,20 January,"San Francisco, CA",https://partiful.com/e/1antxX3cgLArJFGRNKg4
,Hackathon for Peace,20 January,20 January,Remote,https://kyroz.devpost.com/
,Results > Resolutions: 2024 Showcase,19 January,19 January,"San Francisco, CA",https://lu.ma/2024results
,26 January,13 January,13 January,"San Francisco, CA",https://partiful.com/e/AlntdLtxh9Jh1J6Pcsma
,NeurIPS Applied AI Research Hackathon,13 January,13 January,"San Francisco, CA",https://partiful.com/e/LFJvnbSBnadT65ImGR08
2024,,,,,
December,AI Supply Chain Hackathon,7 December,8 December,Remote,https://www.eventbrite.com/e/ai-supply-chain-hackathon-tickets-755921390227?ref=cerebralvalley
,Advent of GenAI Hackathon,5 December,11 December,Remote,https://adventofgenai.com/
,HACK{H}ERS,3 December,3 December,"Hillsborough, CA",https://www.hackhers.ai/
,"AI for Thought Hackathon ft. notion, roam & more!",2 December,2 December,"San Francisco, CA",https://partiful.com/e/CVnyIG9KtDXVyBmmGvcI
,Hacktopia,2 December,2 December,"San Francisco, CA",https://www.hacktopia.xyz/
November,"Cerebral Valley's DevDay x MultiOn API 
Hackathon",18 November,19 November,"San Francisco, CA",https://partiful.com/e/fjFRh3jZiiKaMYLdsK5i?ref=cerebralvalley
,MoaR LLM Hackathon @ AGI House,18 November,18 November,"San Francisco, CA",https://partiful.com/e/RRemJjBuI9ij8ws0BN7b
,AI and Misinformation Hackathon,15 November,16 November,"San Francisco, CA",https://lu.ma/misinformationinaiBuildWeek
,GenLab Hackathon II,15 November,16 November,"San Francisco, CA",https://partiful.com/e/oAItmC3Mf6mPcldhVkdt
,Researchers x Builders Hackathon,11 November,11 November,"San Francisco, CA",https://partiful.com/e/fc9twAfSHc7UgLQX2ouy
,Emergency OpenAI Hackathon,10 November,12 November,Remote,https://partiful.com/e/hQJuOLKTyefNsLzfPybC
,Emergency GPT Builders Hackathon,8 November,9 November,"San Francisco, CA",https://partiful.com/e/ccbe5YFUSytVsqjUAH6s
,H2O Open Source GenAI World Conference,7 November,7 November,"San Francisco, CA",https://h2o.ai/events/generative-ai-summit/
,Accelerate SF hackathon,4 November,5 November,"San Francisco, CA",https://partiful.com/e/2PV6s6eSV4ilZvIy8DBN
,Poe Hackathon @AGI House,4 November,4 November,"San Francisco, CA",https://partiful.com/e/MZBOONqkgUky4jMhO3nF
,"SF AI Hackathon - Hosted by MongoDB | Anthropic, 
LangChain, LlamaIndex & Together AI",4 November,4 November,"San Francisco, CA",https://lu.ma/SFAIHackathon_MDB
,DevBots: Robotics Software Hackathon,3 November,3 November,"San Francisco, CA",https://lu.ma/qxc4tlid
October,Hack'o Latern - Immersive Hackathon Experience,27 October,28 October,"San Francisco, CA",https://partiful.com/e/fblkwk53dud0fTpvD7wh
,Cal Hacks 10.0,27 October,29 October,"San Francisco, CA",https://www.calhacks.io/
,Dreamscape @ AGI House,21 October,21 October,"San Francisco, CA",https://partiful.com/e/Vosh25ITc7wTuI2LRrgn
,TEDAI Multimodal Hackathon (23 Labs),14 October,15 October,"San Francisco, CA",https://partiful.com/e/d1o6vJU7IrYvNvGoKK0s
,TEDAI For Good Hackathon,14 October,15 October,"San Francisco, CA",https://www.ai-event.ted.com/hackathon
,LLM Agents Hackathon @AGI House,14 October,14 October,"San Francisco, CA",https://partiful.com/e/YI5dqycxq2o87Dx2Bn2o
,"Beat, Build, Break",7 October,8 October,"San Francisco, CA",https://b3hack.agpt.co/
,"Build, Test & Launch your LLM apps@ AGI House",7 October,7 October,"San Francisco, CA",https://partiful.com/e/QKjcXJOCb2IHiuAVX9L6
,Reimagine SF Hackathon,2 October,2 October,"San Francisco, CA",https://www.mitcnc.org/events/reimagine-sf-hackathon-w-mit-alum-sf-council-member/
,life - upgrade hackathon,1 October,1 October,"San Francisco, CA",https://lu.ma/life_upgrade_hackathon
September,ai in motion 24hr hack,30 September,1 October,"San Francisco, CA",https://lu.ma/0930-ai-in-motion-hack
,LLM x Law Hackathon #2,23 September,23 September,"Stanford, CA",https://partiful.com/e/xlVcg6ApMYiun8yt4pTp
,AutoGPT Arena Hacks,22 September,12 October,Remote,https://lablab.ai/event/autogpt-arena-hacks
,Next Gen AI Hackathon,22 September,23 September,"San Francisco, CA",https://nextgen.samsungnext.com/
,Intel's AI Innovation Bridge Hackathon,19 September,20 September,"San Jose, CA",https://community.intel.com/t5/Blogs/Tech-Innovation/Artificial-Intelligence-AI/Intel-s-AI-Innovation-Bridge-Inspiring-AI-Startups-at-Hackathon/post/1511846
,AI Arts & Crafts Hackathon,17 Septebmer,17 September,"San Francisco, CA",https://partiful.com/e/ac7NHwQ8ZLVIrkSHoVLP
,UX/AI Hackathon,16 September,16 September,"San Francisco, CA",https://partiful.com/e/fIzwUnr9q75pxmcpmLwE
,Launch Your Own LLM Hackathon,16 September,16 September,"San Francisco, CA",https://partiful.com/e/DsCl5GlZHk86ZkCQopGx
,FlowGPT Prompt Hackathon Season 3,15 September,14 October,Remote,https://flowgpt.com/hackathon
,CodeGen Hackathon,9 September,9 September,"San Francisco, CA",https://partiful.com/e/b7T0YeH6HNkUn8PQictF
,GenLab Hackathon,9 September,9 September,"San Francisco, CA",https://partiful.com/e/X3oBgkHrckh60Vjo9Kg3
,Entrepreneur First's AI Hackathon,7 September,8 September,"San Francisco, CA",https://lu.ma/e7wfwqoq?utm_source=cv
,Generative AI Hackathon,6 September,25 September,Remote,https://peerlist.io/hackathon
August,SF Hackathon for Creator Apps,31 August,31 August,"San Francisco, CA",https://www.eventbrite.com/e/sf-hackathon-for-creator-apps-tickets-686071146267
,ArenaX,22 August,25 August,"San Francisco, CA",https://arenax.f.inc/
,"Custom LLM Hackathon (Llama 2, Poe)",13 August,13 August,"San Francisco, CA",https://partiful.com/e/hF7URA6wbLfNlYbsz9UK
,Redpoint Imagine Hackathon @ AGI House,12 August,12 August,"Hillsborough, CA",https://partiful.com/e/6EysR58EnhyDGXX57uao
,Outside LLMs,4 August,6 August,"San Francisco, CA",https://www.outsidellms.com/
,AI Knowledge Mapping Hackathon,1 August,1 August,"San Francisco, CA",https://www.eventbrite.com/e/ai-knowledge-mapping-hackathon-tickets-654194642787
July,Anthropic Claude 2 Hackathon,29 July,30 July,"San Francisco, CA",https://cerebralvalley.ai/claude2
,Endless AI Summer Hackathon,29 July,29 July,"San Francisco, CA",https://partiful.com/e/MPUsKQK8iGn6y3kX5aDN
,ElevenLabs AI Hackathon,28 July,28 July,Remote,https://lablab.ai/event/eleven-labs-ai-hackathon
,WING Autonomous Apps Hackathon @ AGI House,22 July,22 July,"San Francisco, CA",https://partiful.com/e/uYzDzXUstD8D8kvuA8Zl
,Scale AI Hackathon,15 July,15 July,"San Francisco, CA",https://scale-ai.typeform.com/hackathon?typeform-source=t.co
June,ABC LLM Hackathon + Pitchathon,25 June,25 June,"Menlo Park, CA",https://lu.ma/hackathon-6-25
,MULTIÂ·ON Autonomous Agent hackathon,24 June,24 June,"Hillsborough, CA",https://partiful.com/e/I4oVKOY4DXEG5Bn9U61h
,"Generative AI Hackathon: Revolutionize the Future of Work & Biz
",23 June,25 June,"Mountain View, CA",https://www.meetup.com/genai-meetup-group/events/293455279/
,UC Berkeley AI Hackathon,17 June,18 June,"Berkeley, CA",https://ai.calhacks.io/
,Replit Extensions Hackathon,17 June,17 June,"San Francisco, CA",https://lu.ma/replit-extensions
,HackAI: May the AI be with you,16 June,18 June,"San Mateo, CA",https://lu.ma/HackAISiliconValley
,LLM Stack Hackathon  ,3 June,3 June,"San Francisco, CA",https://lu.ma/n4jk6i7j
,AI x Product Hackathon,3 June,4 June,"San Francisco, CA",https://www.eventbrite.ie/e/ai-x-product-hackathon-tickets-616404240677
May,ðŸ¤– Cerebral Valley ðŸ¤–  Climate AI Hackathon,27 May,28 May,"San Francisco, CA",https://cerebralvalley.ai/aixclimate
,LLM x Law Hackathon @Stanford,20 May,20 May,"Stanford, CA",https://partiful.com/e/1nDOMFuKL7CvXhjJUb7v
,"ImageGen Hackathon: Control Net, SAM, LoRA, etc",20 May,20 May,"Hillsborough, CA",https://partiful.com/e/Yck33AAgJapmQuIY438X
,AI Hackathon for Educators,20 May,20 May,"Oakland, CA",https://www.aixedu.org/
,Hackaithon,16 May,18 May,"San Francisco, CA",https://www.hackaithon.ai/
,AI SF Hackathon,15 May,17 May,"San Francisco, CA",https://lu.ma/aisf-hack
,Anything but wrappers hackathon,6 May,7 May,"San Francisco, CA",https://www.anythingbutwrappers.com/
April,SynBio Game Jam,29 April,6 May,"San Francisco, CA",https://partiful.com/e/YHby5hMwizpphA9l52Rk
,AgentList - Agent Hackathon @ AngelList,22 April,22 April,"San Francisco, CA",https://partiful.com/e/SVu0861FpLxet1dTRwF2
,AI for Good Hackathon,21 April,22 April,"Los Angeles, CA",https://partiful.com/e/xHTbypFen6T1Nf9XtrRJ
,LabLab.ai AI21 Labs Hackathon #2,21 April,28 April,Remote,https://lablab.ai/event/ai21-labs-hackathon-2
,Ben's Bites + Every: AI Hackathon,18 April,20 April,Remote,https://partiful.com/e/0fN9ALmaWtArEtxvEWN9
,LabLab.ai Stable Diffusion AI Hackathon,14 April,21 April,Remote,https://lablab.ai/event/stable-diffusion-ai-hackathon
,ðŸ¤– Cerebral Valley ðŸ¤– GPT Plugins Hackathon,15 April,16 April,"San Francisco, CA",https://partiful.com/e/PrySgTWjNDQi62CePCjq
,ChatGPT Plugins Hackathon,8 April,9 April,"San Francisco, CA",https://partiful.com/e/qIijziR8jhrGFYeZ7eF8
March,AI for Good Hackathon ,25 March,26 March,"San Francisco, CA",https://partiful.com/e/9ft7v8NYnFin5BL3p9Ar
,LabLab.ai Build your AI Startup Hackathon Ep. 2,24 March,31 March,Remote,https://lablab.ai/event/ai-startup-hackathon-episode-2
,AI Games Hackathon & Demos,23 March,23 March,"San Francisco, CA",eventbrite.com/e/ai-games-hackathon-and-meetup-fdotinc-tickets-556228152377
,Foundation Capital AI Hackathon,22 March,22 March,"San Francisco, CA",https://lu.ma/tl3zs5x2
,LabLab.ai ChatGPT API & Whisper API Hackathon,17 March,19 March,Remote,https://lablab.ai/event/chatgpt-api-and-whisper-api-global-hackathon
,Build with BerriAI - Hackathon,11 March,11 March,"San Francisco, CA",https://lu.ma/i27b3fyn
,LabLab.ai Salz21 AI Hackathon,10 March,14 March,Remote,https://lablab.ai/event/salz21-ai-hackathon
,ChatGPT Hack Sunday,5 March,5 March,"San Francisco, CA",https://partiful.com/e/Uy25QfsigTVPudTLlhwS
February,Founders AGI Hackathon Series - Langchain & Gen AI,25 February,25 February,"San Francisco, CA",https://partiful.com/e/AhPNLDePFYnD3atStiIQ
,Berry with BerriAI - Hackathon,25 February,25 February,"San Francisco, CA",https://lu.ma/qs9ujmmm
,LabLab.ai OpenAI Stack Hack,24 February,3 March,Remote,https://lablab.ai/event/openai-hackathon
,TreeHacks 2023,17 February,19 February,"Palo Alto, CA",https://www.treehacks.com/
,"Founders, Inc. x Leap - AI Hack Challenge 2023",17 February,19 February,Remote,https://hack.leapml.dev/
,SF AI Hackathon,15 February,18 February,"San Francisco, CA",https://docs.google.com/forms/d/e/1FAIpQLSdw0vZxUyj-YIWdfOuNScW-a_NM4tX8Bwfe1J3PJ-Bb3wZkjA/viewform
,Amsterdam AI Hackathon,10 February,11 February,"Marineterrein, Amsterdam",https://hackathon.amsterdam/
,WorldWide AI Hackathon,1 February,1 September,Remote,https://wowdao.ai/register/ai-professional.html?utm_source=DAO&utm_medium=fromwowai&utm_campaign=socialpost
January,Miami Hack Week AI House,29 January,4 February,"Miami, FL",https://www.miamihackweek.com/hacker-houses/the-ai-house
,LabLab.ai Cohere Hackathon,27 January,3 February,Remote,https://lablab.ai/event/cohere-hackathon
,Data Centric AI Competition,23 January,13 March,Remote,https://machinehack.com/tournaments/data_centric_ai_competition_2023
,MIT Generative AI Hackathon,21 January,27 January,"Cambridge, MA",https://www.vana.com/mit-iap-competition
,Scale AI Hackathon,21 January,21 January,"San Francisco, CA",https://7v96jeqxhgx.typeform.com/LLMhackathonapp?typeform-source=t.co
,Mechanistic Interpretability Hackathon,20 January,22 January,Remote,https://itch.io/jam/mechint
,LabLab.ai AI21 Labs Hackathon,13 January,20 January,Remote,https://lablab.ai/event/ai21-labs-hackathon